{"cameraMode":{"drawMode":0,"name":"Shaded","section":"Shading Mode"},"sceneLighting":false,"audioPlay":false,"sceneViewState":{"showFog":false,"showMaterialUpdate":false,"showSkybox":false,"showFlares":false,"showImageEffects":false,"showParticleSystems":false},"in2DMode":false,"pivot":{"x":0.000024318695068359375,"y":1.0931153297424317,"z":-0.018565267324447633},"rotation":{"x":-0.2039279043674469,"y":0.4425109624862671,"z":-0.10407818853855133,"w":-0.8670439720153809},"size":4.700790882110596,"orthographic":false}