{"cameraMode":{"drawMode":0,"name":"Shaded","section":"Shading Mode"},"sceneLighting":true,"audioPlay":false,"sceneViewState":{"showFog":false,"showMaterialUpdate":false,"showSkybox":false,"showFlares":false,"showImageEffects":false,"showParticleSystems":false},"in2DMode":false,"pivot":{"x":-12.274934768676758,"y":1.8525090217590333,"z":-1.5515234470367432},"rotation":{"x":0.0020227807108312847,"y":0.7382025718688965,"z":0.002213564934208989,"w":-0.6745724678039551},"size":18.850133895874025,"orthographic":false}